<window id="12345">
	<animation effect="slide" start="0,-1920" end="0,0" time="1000" condition="Window.IsActive(12345)">WindowOpen</animation>
	<animation effect="slide" start="0,0" end="0,-1920" time="1000" condition="Window.IsClosing(12345)">WindowClose</animation>
	<controls>
		<control type="image">
			<description>Background</description>
			<left>0</left>
			<top>0</top>
			<width>1920</width>
			<height>1080</height>
			<texture>background_audiobook_player.png</texture>
		</control>
		<control type="image">
			<id>3</id>
			<description>Cover</description>
			<left>70</left>
			<top>70</top>
			<width>500</width>
			<height>500</height>
			<texture></texture>
		</control>
		<control type="label">
			<id>1</id>
			<description>Title</description>
			<left>650</left>
			<top>10</top>
			<width>600</width>
			<height>50</height>
			<label></label>
		</control>
		<control type="textbox">
			<id>2</id>			
			<description>Description</description>			
			<left>650</left>
			<top>200</top>
			<width>1000</width>
			<height>800</height>
			<font>font10</font>
			<textcolor>white</textcolor>
			<label></label>
		</control>
		<control type="label">
			<id>4</id>
			<description>Narrator</description>
			<left>650</left>
			<top>70</top>
			<width>1500</width>
			<height>30</height>
			<font>font10</font>
			<label></label>
		</control>
		<control type="label">
			<id>5</id>
			<description>Year</description>
			<left>650</left>
			<top>100</top>
			<width>200</width>
			<height>30</height>
			<font>font10</font>
			<label></label>
		</control>
		<control type="label">
			<id>6</id>
			<description>Publisher</description>
			<left>650</left>
			<top>130</top>
			<width>400</width>
			<height>30</height>
			<font>font10</font>
			<label></label>
		</control>
		<control type="button">
			<id>1003</id>
			<description>Prev Chapter</description>
			<left>160</left>
			<top>590</top>
			<width>40</width>
			<height>40</height>
			<texturefocus>cb_focus.png</texturefocus>
			<texturenofocus>cb.png</texturenofocus>
		</control>
		<control type="button">
			<id>1002</id>
			<description>10S Back</description>
			<left>230</left>
			<top>590</top>
			<width>40</width>
			<height>40</height>
			<texturefocus>10b_focus.png</texturefocus>
			<texturenofocus>10b.png</texturenofocus>
		</control>
		<control type="button">
			<id>1001</id>
			<description>Play Button</description>
			<left>300</left>
			<top>590</top>
			<width>40</width>
			<height>40</height>
			<texturefocus>play_focus.png</texturefocus>
			<texturenofocus>play.png</texturenofocus>
			<visible>!Player.Playing</visible>
		</control>
		<control type="button">
			<id>1010</id>
			<description>Pause Button</description>
			<left>300</left>
			<top>590</top>
			<width>40</width>
			<height>40</height>
			<texturefocus>pause_focus.png</texturefocus>
			<texturenofocus>pause.png</texturenofocus>
			<visible>Player.Playing</visible>
		</control>		
		<control type="button">
			<id>1007</id>
			<description>10S Next</description>
			<left>370</left>
			<top>590</top>
			<width>40</width>
			<height>40</height>
			<texturefocus>10f_focus.png</texturefocus>
			<texturenofocus>10f.png</texturenofocus>
		</control>
		<control type="button">
			<id>1008</id>
			<description>Next Chapter</description>
			<left>440</left>
			<top>590</top>
			<width>40</width>
			<height>40</height>
			<texturefocus>cf_focus.png</texturefocus>
			<texturenofocus>cf.png</texturenofocus>
		</control>
		<control type="progress">
			<id>1009</id>
			<description>Audiobook Progress</description>
			<left>70</left>
			<top>650</top>
			<width>500</width>
			<height>20</height>
			<texturebg>progressbar_background.png</texturebg>
			<texturefocus>progressbar_fill_focus.png</texturefocus>
			<orientation>horizontal</orientation>
		</control>
		<control type="label">
			<id>1011</id>
			<description>Current Chapter</description>
			<left>70</left>
			<top>675</top>
			<width>500</width>
			<height>30</height>
			<font>font10</font>
			<align>center</align>
			<label></label>
		</control>
		<control type="label">
			<id>1012</id>
			<description>Current Time</description>
			<left>70</left>
			<top>680</top>
			<width>200</width>
			<height>30</height>
			<font>font10</font>
			<align>left</align>
			<label></label>
		</control>
	</controls>
</window>
