<?xml version="1.0" encoding="UTF-8"?>
<window>
    <defaultcontrol>50</defaultcontrol>
    <controls>
        <!-- Background -->
        <control type="image">
            <description>Background Image</description>
            <left>0</left>
            <top>0</top>
            <width>1920</width>
            <height>1080</height>
            <texture>background.png</texture>
        </control>
        
        <!-- Title Label -->
        <control type="label">
            <description>Title</description>
            <left>50</left>
            <top>30</top>
            <width>1820</width>
            <height>80</height>
            <font>font30</font>
            <align>center</align>
            <aligny>center</aligny>
            <textcolor>white</textcolor>
            <label>Audiobookshelf - Select an Audiobook</label>
        </control>
        
        <!-- Main content area - Books will be added programmatically here -->
        <control type="group" id="50">
            <description>Audiobook Grid Container</description>
            <left>0</left>
            <top>120</top>
            <width>1920</width>
            <height>960</height>
        </control>
    </controls>
</window>
