<?xml version="1.0" encoding="UTF-8" standalone="yes"?>
<addon id="script.webhook.runner" version="2025.12.17" name="Webhook Runner" provider-name="Breezyslasher">
  <requires>
    <import addon="xbmc.python" version="3.0.0"/>
  </requires>
  <extension point="xbmc.python.script" library="resources/lib/default.py">
    <provides>executable</provides>
  </extension>
  <extension point="xbmc.addon.metadata">
    <summary>Run Home Assistant webhooks from Kodi</summary>
    <description>Create webhooks and trigger them via Keymap Editor. Each webhook gets a unique ID that can be mapped to any button using Keymap Editor addon.</description>
    <platform>all</platform>
  </extension>
</addon>
