<?xml version="1.0" encoding="UTF-8" standalone="yes"?>
<addon id="plugin.audio.audiobookshelf" name="Audiobookshelf" version="0.1.0" provider-name="Breezyslasher">
	<requires>
		<import addon="xbmc.python" version="3.0.0"/>
		<import addon="script.module.requests" version="2.31.0" />
	</requires>
	<extension point="xbmc.python.pluginsource" library="default.py">
		<provides>audio</provides>
	</extension>
	<extension point="xbmc.addon.metadata">
		<summary lang="en_GB">Audiobookshelf client for Kodi</summary>
		<description lang="en_GB">Connect your Kodi installation to an Audiobookshelf server and stream audiobooks and podcasts directly within Kodi. Supports M4B files, multi-file audiobooks, and podcasts with full progress sync.</description>
		<language></language>
		<platform>all</platform>
		<license>GPL-3.0-or-later</license>
		<source>https://github.com/platzregen/audiobookshelf_simpleclient</source>
		<assets>
			<icon>resources/icon.png</icon>
		</assets>
		<news>
v0.0.5 (2025-12-08)
- FIXED: Chapter/resume playback now calculates correct file and seek position
- NEW: Resume button at top of chapter list shows current position
- NEW: "Download to Server" for podcast episodes not yet on server
- NEW: Multi-file audiobook downloads (all files)
- NEW: Podcast search fetches full metadata from RSS feed
- NEW: Offline resume tracking with server sync on reconnect
- FIXED: Settings XML empty default value errors
- FIXED: Download progress dialog arguments
- Improved playback stability with better seek timing

v0.0.4 (2025-12-07)
- Added download functionality with progress bar
- Added offline playback support
- Added auto-delete after finished option
- Fixed Kodi 21 deprecation warnings
- Added Hide Watched filter

v0.0.3 (2025-01-06)
- Changed to Music addon type
- Fixed chapter playback to use individual files
- Added Kodi watch history sync
- Progress sync with Audiobookshelf server
- Resume playback support
- Multi-file audiobook support
- Podcast episode list support
		</news>
	</extension>
</addon>
