<?xml version="1.0" encoding="UTF-8" standalone="yes"?>
<addon id="plugin.audio.audiobookshelf" name="Audiobookshelf" version="0.1.2" provider-name="Breezyslasher">
	<requires>
		<import addon="xbmc.python" version="3.0.0"/>
		<import addon="script.module.requests" version="2.31.0" />
	</requires>
	<extension point="xbmc.python.pluginsource" library="default.py">
		<provides>audio</provides>
	</extension>
	<extension point="xbmc.addon.metadata">
		<summary lang="en_GB">Audiobookshelf client for Kodi</summary>
		<description lang="en_GB">Connect your Kodi installation to an Audiobookshelf server and stream audiobooks and podcasts directly within Kodi. Supports M4B files, multi-file audiobooks, and podcasts with full progress sync.</description>
		<language></language>
		<platform>all</platform>
		<license>GPL-3.0-or-later</license>
		<source>https://github.com/platzregen/audiobookshelf_simpleclient</source>
		<assets>
			<icon>resources/icon.png</icon>
		</assets>
		<news>
v0.1.0 (2025-12-08)
- FIXED: Settings now appear correctly (using legacy XML format)
- FIXED: Empty podcasts handled gracefully
- FIXED: Episodes not on server now show [Not on Server] prefix
- FIXED: Progress syncs to server when closing audiobook/podcast
- REMOVED: "Play from Beginning" option (just click first chapter)
- NEW: Sync settings page with options for audiobooks and podcasts
- NEW: Conflict resolution when local and server progress differ
- NEW: Option to use server position, local position, furthest, or ask
- NEW: Configurable sync intervals (10s, 15s, 30s, 60s)
- NEW: Option to disable server sync entirely
- NEW: Offline progress saving with sync on reconnect
- IMPROVED: Resume button shows current chapter name

v0.0.5 (2025-12-08)
- Fixed chapter/resume playback calculation
- Added multi-file audiobook downloads
- Added podcast metadata from RSS feeds
- Added "Download to Server" for podcast episodes

v0.0.4 (2025-12-07)
- Added download functionality
- Added offline playback support
- Fixed Kodi 21 deprecation warnings
		</news>
	</extension>
</addon>
